m,alph
1.0,0.41044714480666084
1.0095047523761882,0.41044714480666084
1.0190095047523762,0.41044714480666084
1.0285142571285644,0.41044714480666084
1.0380190095047523,0.41044714480666084
1.0475237618809405,0.41044714480666084
1.0570285142571285,0.41044714480666084
1.0665332666333167,0.41044714480666084
1.0760380190095047,0.41044714480666084
1.0855427713856929,0.41044714480666084
1.0950475237618809,0.41044714480666084
1.104552276138069,0.41044714480666084
1.114057028514257,0.41044714480666084
1.1235617808904452,0.41044714480666084
1.1330665332666334,0.40768122901317266
1.1425712856428214,0.40498265495664093
1.1520760380190096,0.40234876358902755
1.1615807903951976,0.3997770407303528
1.1710855427713858,0.3972651070167266
1.1805902951475737,0.3948107086952788
1.190095047523762,0.3924117091768757
1.19959979989995,0.39006608128055814
1.2091045522761381,0.3877719001044334
1.218609304652326,0.3855273364530762
1.2281140570285143,0.3833306507798823
1.2376188094047023,0.3811801875942675
1.2471235617808905,0.37907437029188534
1.2566283141570787,0.37701169637035115
1.2661330665332666,0.37499073299675656
1.2756378189094548,0.3830041070923873
1.2851425712856428,0.38118511705747343
1.294647323661831,0.37939907228843905
1.304152076038019,0.37764500756316166
1.3136568284142072,0.37592199647545577
1.3231615807903951,0.37422914945530944
1.3326663331665833,0.3725656119112437
1.3421710855427715,0.3709305624859722
1.3516758379189595,0.36932321141892166
1.3611805902951475,0.3677427990010959
1.3706853426713357,0.36618859412484345
1.3801900950475239,0.36465989292293016
1.3896948474237119,0.36315601747861004
1.3991995997999,0.3616763146123268
1.408704352176088,0.36022015473701713
1.4182091045522762,0.35878693077747087
1.4277138569284642,0.3573760571495524
1.4372186093046524,0.3559869687953961
1.4467233616808404,0.35461912027098474
1.4562281140570286,0.35327198488277567
1.4657328664332168,0.3519450538716153
1.4752376188094047,0.35063783563602074
1.4847423711855927,0.3493498549964664
1.494247123561781,0.34808065250538606
1.503751875937969,0.34682978378379
1.513256628314157,0.34559681889455107
1.522761380690345,0.3443813417472107
1.5322661330665333,0.3431829495324484
1.5417708854427215,0.3420012521844833
1.5512756378189096,0.34083587186979164
1.5607803901950976,0.33968644250063174
1.5702851425712856,0.3385526092719651
1.5797898949474738,0.33743402822045776
1.589294647323662,0.3363303658043266
1.59879939969985,0.3352412985030965
1.608304152076038,0.3341665124379889
1.6178089044522261,0.33310570299864745
1.6273136568284143,0.33205857450625087
1.6368184092046023,0.33102483987743586
1.6463231615807903,0.33000422030737947
1.6558279139569785,0.3289964449670134
1.6653326663331667,0.32800125071362984
1.6748374187093549,0.32701838181418685
1.6843421710855428,0.3260475896806602
1.6938469234617308,0.32508863261682536
1.703351675837919,0.3241412755758944
1.7128564282141072,0.32320528992846037
1.7223611805902952,0.3222804532402362
1.7318659329664832,0.3213665490591042
1.7413706853426714,0.32046336671101916
1.7508754377188596,0.3195707011043328
1.7603801900950475,0.31868835254219474
1.7698849424712355,0.3178161265452178
1.7793896948474237,0.3169538336694752
1.788894447223612,0.31610128935100096
1.7983991995998,0.31525831374265356
1.807903951975988,0.31442473156117234
1.817408704352176,0.31360037194023205
1.8269134567283642,0.31278506828921965
1.8364182091045524,0.3119786581574732
1.8459229614807404,0.3111809831037351
1.8554277138569284,0.3103918885705835
1.8649324662331166,0.3096112237636223
1.8744372186093048,0.3088388415352162
1.8839419709854928,0.30807459827257094
1.8934467233616807,0.3073183537899692
1.902951475737869,0.30656997122498036
1.9124562281140571,0.3058293169384734
1.9219609804902453,0.3050962604182683
1.9314657328664333,0.30437067418627317
1.9409704852426213,0.3036524337089556
1.9504752376188095,0.3029414173110122
1.9599799899949977,0.3022375060935851
1.9694847423711856,0.3015405838503438
1.9789894947473736,0.3008505369912561
1.9884942471235618,0.300167254470103
1.99799899949975,0.29949062771069634
2.007503751875938,0.2988205505371309
2.017008504252126,0.2981569191064201
2.026513256628314,0.29749963184341904
2.0360180090045024,0.29684858937794395
2.04552276138069,0.29620369448400125
2.0550275137568788,0.29556485202104277
2.0645322661330665,0.29493196887716994
2.0740370185092547,0.29430495391420725
2.083541770885443,0.29368371791457776
2.0930465232616307,0.29306817352990705
2.1025512756378193,0.2924582352312927
2.112056028014007,0.29185381926117443
2.1215607803901952,0.29125484358674486
2.1310655327663834,0.29066122785484383
2.140570285142571,0.2900728933482793
2.1500750375187594,0.28948976294352424
2.1595797898949476,0.28891176106973615
2.1690845422711353,0.28833881366905295
2.178589294647324,0.2877708481581168
2.1880940470235117,0.28720779339078345
2.1975987993997,0.2866495796235773
2.207103551775888,0.2860961384763354
2.216608304152076,0.28554740290109804
2.2261130565282645,0.2850033071499543
2.2356178089044523,0.2844637867420681
2.2451225612806405,0.2839287784326554
2.2546273136568287,0.28339822018288074
2.2641320660330164,0.28287205113064157
2.2736368184092046,0.28235021156220863
2.283141570785393,0.28183264288469495
2.2926463231615806,0.2813192875993222
2.302151075537769,0.28081008927546025
2.311655827913957,0.2803049925254123
2.321160580290145,0.2798039429799197
2.3306653326663334,0.2793068872643639
2.340170085042521,0.27881377297564236
2.3496748374187097,0.27832454865969347
2.3591795897948975,0.277839163789653
2.3686843421710857,0.277357568744618
2.378189094547274,0.276879714789
2.3876938469234616,0.27640555405244804
2.39719859929965,0.27593503951032267
2.406703351675838,0.2754681249647039
2.416208104052026,0.2750047650259155
2.4257128564282144,0.2745449150945486
2.435217608804402,0.27408853134397104
2.4447223611805904,0.27363557070330374
2.4542271135567786,0.27318599084085216
2.4637318659329663,0.27273975014797774
2.473236618309155,0.27229680772339476
2.4827413706853427,0.2718571233582074
2.492246123061531,0.2714206575218005
2.501750875437719,0.270987371342713
2.511255627813907,0.27055722660016135
2.520760380190095,0.27013018570814373
2.5302651325662833,0.2697062117020331
2.539769884942471,0.26928526822551396
2.5492746373186597,0.2688673195178512
2.5587793896948474,0.26845233040148236
2.5682841420710356,0.26804026626992206
2.577788894447224,0.26763109307597105
2.5872936468234116,0.2672247773202201
2.5967983991996,0.26682128603983923
2.606303151575788,0.2664205867976463
2.615807903951976,0.2660226476714441
2.6253126563281644,0.2656274372436201
2.634817408704352,0.2652349245910006
2.6443221610805403,0.2648450792749518
2.6538269134567285,0.26445787133172133
2.6633316658329163,0.26407327126301217
2.672836418209105,0.2636912500267845
2.6823411705852926,0.263311779028277
2.691845922961481,0.262934830111242
2.701350675337669,0.2625603755493895
2.710855427713857,0.26218838803803246
2.7203601800900454,0.26181884068593025
2.729864932466233,0.2614517070073214
2.7393696848424214,0.2610869609141443
2.7488744372186096,0.2607245767084372
2.7583791895947973,0.2603645290749152
2.7678839419709855,0.26000679307371777
2.7773886943471737,0.25965134413332347
2.7868934467233615,0.25929815804362605
2.79639819909955,0.2589472109491687
2.805902951475738,0.25859847934253166
2.815407703851926,0.25825194005786906
2.8249124562281143,0.25790757026459166
2.834417208604302,0.25756534746119103
2.8439219609804907,0.25722524946988173
2.8534267133566784,0.2568872544297431
2.8629314657328666,0.25655134078950026
2.872436218109055,0.2562174873049374
2.8819409704852426,0.2558856730320344
2.8914457228614308,0.2555558773215675
2.900950475237619,0.2552280798138255
2.9104552276138067,0.2549022604334426
2.9199599799899953,0.2545783993843418
2.929464732366183,0.254256477144788
2.9389694847423713,0.2539364744625467
2.9484742371185595,0.25361837235014717
2.9579789894947472,0.2533021520802453
2.967483741870936,0.25298779518108583
2.9769884942471236,0.252675283432061
2.986493246623312,0.25236459885936097
2.9959979989995,0.2520557237317169
3.005502751375688,0.25174864055623364
3.015007503751876,0.2514433320743071
3.024512256128064,0.25113978125762876
3.0340170085042524,0.25083797130427077
3.04352176088044,0.25053788563485374
3.0530265132566283,0.250239507888791
3.0625312656328165,0.24994282192061146
3.0720360180090047,0.24964781179635667
3.081540770385193,0.24935446179005114
3.0910455227613807,0.24906275638024383
3.100550275137569,0.24877268024662
3.110055027513757,0.24848421826668055
3.1195597798899453,0.24819735551248795
3.129064532266133,0.24791207724747735
3.138569284642321,0.2476283689233308
3.1480740370185094,0.24734621617691344
3.1575787893946976,0.24706560482727025
3.1670835417708854,0.24678652087268174
3.1765882941470736,0.24650895048777768
3.1860930465232618,0.24623288002070629
3.19559779889945,0.24595829599036012
3.205102551275638,0.24568518508365383
3.214607303651826,0.24541353415285627
3.224112056028014,0.24514333021297288
3.2336168084042023,0.24487456043917888
3.2431215607803905,0.24460721216430112
3.2526263131565782,0.24434127287634863
3.2621310655327664,0.2440767302160892
3.2716358179089546,0.24381357197467285
3.281140570285143,0.24355178609129916
3.2906453226613306,0.2432913606509293
3.300150075037519,0.2430322838836133
3.309654827413707,0.24277454415745695
3.319159579789895,0.2425181299813611
3.3286643321660834,0.242263030001307
3.338169084542271,0.24200923299822016
3.3476738369184593,0.24175672788592525
3.3571785892946475,0.2415055037091395
3.3666833416708357,0.2412555496415026
3.3761880940470235,0.24100685498364222
3.3856928464232117,0.24075940916127475
3.3951975987994,0.24051320172334192
3.404702351175588,0.24026822234017867
3.414207103551776,0.24002446080171613
3.423711855927964,0.23978190701571583
3.433216608304152,0.23954055100603586
3.4427213606803404,0.23930038291092792
3.4522261130565286,0.23906139298136483
3.4617308654327164,0.23882357157939735
3.4712356178089045,0.2385869091765404
3.4807403701850927,0.23835139635218777
3.490245122561281,0.2381170237920543
3.4997498749374687,0.2378837822866456
3.509254627313657,0.23765166272975496
3.518759379689845,0.23742065611698515
3.5282641320660333,0.23719075354429747
3.537768884442221,0.23696194620658467
3.5472736368184092,0.23673422539626904
3.5567783891945974,0.2365075825019246
3.5662831415707856,0.23628200900692292
3.575787893946974,0.23605749648810165
3.5852926463231616,0.2358340366144564
3.5947973986993498,0.23561162114585446
3.604302151075538,0.23539024193177047
3.613806903451726,0.23516989091004303
3.623311655827914,0.234950560105653
3.632816408204102,0.2347322416295215
3.6423211605802903,0.23451492767732876
3.6518259129564785,0.2342986105283521
3.6613306653326663,0.2340832825443233
3.6708354177088545,0.2338689361683055
3.6803401700850427,0.23365556392358833
3.689844922461231,0.23344315841260044
3.699349674837419,0.2332317123158416
3.708854427213607,0.23302121839083062
3.718359179589795,0.23281166947107199
3.727863931965983,0.2326030584650378
3.7373686843421714,0.23239537835516758
3.746873436718359,0.23218862219688363
3.7563781890945473,0.2319827831176223
3.7658829414707355,0.23177785431588102
3.7753876938469237,0.23157382906028062
3.7848924462231115,0.23137070068864288
3.7943971985992997,0.23116846260708215
3.803901950975488,0.23096710828911224
3.813406703351676,0.23076663127476701
3.8229114557278643,0.230567025169735
3.832416208104052,0.23036828364450807
3.8419209604802402,0.23017040043354225
3.8514257128564284,0.2299733693344338
3.8609304652326166,0.22977718420710622
3.8704352176088044,0.22958183897301443
3.8799399699849926,0.2293873276143502
3.8894447223611808,0.22919364417326837
3.898949474737369,0.22900078275113106
3.9084542271135567,0.22880873750775274
3.917958979489745,0.22861750266066064
3.927463731865933,0.22842707248436678
3.9369684842421213,0.22823744130965093
3.9464732366183095,0.22804860352285466
3.9559779889944973,0.22786055356518606
3.9654827413706855,0.2276732859320351
3.9749874937468737,0.22748679517229944
3.984492246123062,0.22730107588772008
3.9939969984992496,0.22711612273222762
4.003501750875438,0.2269319304112976
4.013006503251626,0.22674849368131633
4.022511255627814,0.2265658073489555
4.0320160080040015,0.22638386627055634
4.04152076038019,0.22620266535152325
4.051025512756379,0.22602219954572603
4.0605302651325665,0.2258424638549111
4.070035017508754,0.22566345332812118
4.079539769884942,0.22548516306112434
4.089044522261131,0.2253075881958501
4.098549274637319,0.22513072391983502
4.108054027013507,0.22495456546567572
4.117558779389695,0.22477910811048987
4.127063531765883,0.2246043471753853
4.136568284142071,0.2244302780249368
4.14607303651826,0.2242568960666702
4.155577788894448,0.2240841967505538
4.165082541270635,0.2239121755684978
4.174587293646823,0.2237408280538602
4.184092046023012,0.2245621829601567
4.1935967983992,0.22440850813669838
4.203101550775388,0.22425540177487605
4.212606303151576,0.22410286031897408
4.222111055527764,0.2239508802443517
4.231615807903952,0.22379945805709492
4.24112056028014,0.22364859029367407
4.250625312656329,0.22349827352060522
4.2601300650325165,0.2233485043341172
4.269634817408704,0.22319927935982184
4.279139569784892,0.2230505952523896
4.288644322161081,0.2229024486952292
4.298149074537269,0.22275483640017182
4.307653826913457,0.22260775510715913
4.317158579289645,0.22246120158393556
4.3266633316658325,0.2223151726257449
4.336168084042021,0.22216966505503097
4.34567283641821,0.22202467572114173
4.3551775887943975,0.22188020150003804
4.364682341170585,0.22173623929400554
4.374187093546773,0.22159278603137095
4.383691845922962,0.22144983866622148
4.39319659829915,0.22130739417812853
4.402701350675338,0.22116544957187473
4.412206103051526,0.2210240018771841
4.421710855427714,0.2208830481484567
4.431215607803902,0.22074258546450554
4.440720360180091,0.22060261092829814
4.450225112556279,0.22046312166670032
4.459729864932466,0.22032411483022402
4.469234617308654,0.22018558759277793
4.478739369684843,0.2200475371514215
4.4882441220610305,0.21990996072612246
4.497748874437219,0.21977285555951642
4.507253626813407,0.21963621891667073
4.516758379189595,0.21950004808485069
4.526263131565782,0.2193643403732883
4.535767883941971,0.21922909311295533
4.54527263631816,0.21909430365633756
4.5547773886943475,0.21895996937721335
4.564282141070535,0.21882608767043368
4.573786893446723,0.21869265595170614
4.583291645822912,0.2185596716573808
4.5927963981991,0.218427132244239
4.602301150575288,0.2182950351892849
4.611805902951476,0.21816337798953944
4.6213106553276635,0.21803215816183694
4.630815407703852,0.21790137324262437
4.640320160080041,0.21777102078776253
4.6498249124562285,0.2176410983723305
4.659329664832416,0.21751160359043184
4.668834417208604,0.21738253405500332
4.678339169584793,0.21725388739762624
4.687843921960981,0.2171256612683399
4.697348674337169,0.21699785333545712
4.706853426713357,0.21687046128538245
4.716358179089545,0.21674348282243197
4.725862931465733,0.216616915668656
4.735367683841921,0.21649075756366348
4.74487243621811,0.21636500626444838
4.754377188594297,0.21623965954521854
4.763881940970485,0.21611471519722658
4.773386693346674,0.21599017102860232
4.7828914457228615,0.21586602486418774
4.79239619809905,0.21574227454537367
4.801900950475238,0.2156189179299385
4.811405702851426,0.21549595289188866
4.820910455227613,0.21537337732130127
4.830415207603802,0.21525118912416824
4.839919959979991,0.21512938622224279
4.8494247123561784,0.2150079665528869
4.858929464732366,0.21488692806892165
4.868434217108554,0.21476626873847848
4.877938969484743,0.21464598654485226
4.887443721860931,0.21452607948635669
4.896948474237119,0.21440654557618066
4.906453226613307,0.21428738284224658
4.9159579789894945,0.21416858932707045
4.925462731365683,0.21405016308762356
4.934967483741872,0.2139321021951955
4.9444722361180595,0.2138144047352589
4.953976988494247,0.2136970688073357
4.963481740870435,0.2135800925248656
4.972986493246624,0.21346347401507448
4.982491245622811,0.21334721141884605
4.991995997999,0.2132313028905935
5.001500750375188,0.2131157465981342
5.011005502751376,0.21300054072256405
5.020510255127564,0.21288568345813444
5.030015007503752,0.2127711730121304
5.039519759879941,0.21265700760474984
5.049024512256128,0.21254318546898446
5.058529264632316,0.21242970485050167
5.068034017008505,0.2123165640075282
5.0775387693846925,0.2122037612107347
5.08704352176088,0.21209129474312183
5.096548274137069,0.2119791628999076
5.106053026513257,0.21186736398841596
5.115557778889445,0.21175589632796618
5.125062531265633,0.2116447582497644
5.134567283641821,0.21153394809681011
5.144072036018009,0.21142346422468777
5.153576788394197,0.21131330499863385
5.163081540770386,0.21120346879633686
5.172586293146574,0.2110939540068448
5.182091045522761,0.2109847590304632
5.19159579789895,0.21087588227865392
5.201100550275138,0.21076732217393565
5.2106053026513255,0.21065907714978527
5.220110055027514,0.21055114565054
5.229614807403702,0.21044352613130116
5.2391195597798905,0.21033621705783842
5.248624312156078,0.21022921690649543
5.258129064532266,0.21012252416409619
5.267633816908455,0.21001613732785324
5.277138569284642,0.20991005490527495
5.286643321660831,0.2098042754140765
5.296148074037019,0.20969879738208952
5.305652826413207,0.20959361934717355
5.315157578789395,0.20948873985712874
5.324662331165583,0.20938415746960895
5.334167083541771,0.2092798707520363
5.343671835917959,0.2091758782815158
5.353176588294147,0.20907217864475194
5.362681340670336,0.20896877043796536
5.3721860930465235,0.20886565226681075
5.381690845422711,0.2087628227462954
5.3911955977989,0.20866028050069896
5.400700350175088,0.2085580241634935
5.410205102551276,0.20845605237726517
5.419709854927464,0.20835436379363573
5.429214607303652,0.20825295707318578
5.43871935967984,0.20815183088537834
5.448224112056028,0.20805098390848292
5.457728864432216,0.2079504148295014
5.467233616808405,0.20785012234409347
5.476738369184592,0.20775010515650363
5.486243121560781,0.20765036197948863
5.495747873936969,0.207550891534246
5.5052526263131565,0.20745169255034254
5.514757378689345,0.20735276376564435
5.524262131065533,0.20725410392624746
5.5337668834417215,0.20715571178640874
5.543271635817909,0.20705758610847758
5.552776388194097,0.20695972566282891
5.562281140570286,0.20686212922779595
5.571785892946473,0.20676479558960467
5.581290645322661,0.20666772354230775
5.59079539769885,0.20657091188772025
5.600300150075038,0.2064743594353554
5.609804902451226,0.20637806500236103
5.619309654827414,0.20628202741345716
5.628814407203602,0.20618624550087294
5.63831915957979,0.20609071810428617
5.647823911955978,0.2059954440707614
5.657328664332167,0.20590042225469027
5.6668334167083545,0.2058056515177312
5.676338169084542,0.20571113072875072
5.685842921460731,0.2056168587637646
5.695347673836919,0.2055228345058801
5.704852426213106,0.20542905684523827
5.714357178589295,0.20533552467895727
5.723861930965483,0.205242236911076
5.733366683341671,0.20514919245249863
5.742871435717859,0.20505639022093897
5.752376188094047,0.20496382914086625
5.761880940470236,0.20487150814345073
5.771385692846423,0.2047794261665103
5.780890445222612,0.20468758215445712
5.7903951975988,0.20459597505824556
5.7998999499749875,0.20450460383531965
5.809404702351176,0.2044134674495619
5.818909454727364,0.20432256487124215
5.828414207103552,0.20423189507696707
5.83791895947974,0.20414145704963
5.847423711855928,0.20405124977836142
5.856928464232117,0.20396127225848007
5.866433216608304,0.20387152349144394
5.875937968984492,0.20378200248480244
5.885442721360681,0.20369270825214864
5.894947473736869,0.20360363981307178
5.904452226113057,0.20351479619311086
5.913956978489245,0.203426176423708
5.923461730865433,0.2033377795421627
5.932966483241621,0.2032496045915863
5.942471235617809,0.20316165062085692
5.951975987993997,0.20307391668457492
5.9614807403701855,0.20298640184301864
5.970985492746373,0.20289910516210066
5.980490245122562,0.2028120257133243
5.98999499749875,0.20272516257374096
5.999499749874937,0.2026385148259073
6.009004502251126,0.20255208155784302
6.018509254627314,0.20246586186298954
6.028014007003502,0.202379854840168
6.03751875937969,0.20229405959353883
6.047023511755878,0.20220847523256064
6.056528264132067,0.20212310087195048
6.066033016508254,0.20203793563164357
6.075537768884442,0.20195297863675415
6.085042521260631,0.20186822901753598
6.0945472736368185,0.20178368590934379
6.104052026013007,0.20169934845259496
6.113556778389195,0.20161521579273134
6.123061530765383,0.20153128708018136
6.132566283141571,0.20144756147032306
6.142071035517759,0.2013640381234466
6.151575787893948,0.20128071620471819
6.161080540270135,0.20119759488414293
6.170585292646323,0.2011146733365296
6.180090045022512,0.20103195074145447
6.1895947973986996,0.20094942628322587
6.199099549774887,0.2008670991508497
6.208604302151076,0.20078496853799385
6.218109054527264,0.2007030336429546
6.227613806903452,0.20062129366862205
6.23711855927964,0.20053974782244632
6.246623311655828,0.20045839531640425
6.2561280640320165,0.20037723536696603
6.265632816408204,0.20029626719506244
6.275137568784393,0.20021549002605196
6.284642321160581,0.2001349030896888
6.294147073536768,0.20005450562009058
6.303651825912957,0.199974296855707
6.313156578289145,0.19989427603928778
6.3226613306653325,0.19981444241785176
6.332166083041521,0.19973479524265617
6.341670835417709,0.19965533376916578
6.351175587793898,0.19957605725702246
6.360680340170085,0.1994969649700153
6.370185092546273,0.19941805617605066
6.379689844922462,0.1993393301471226
6.3891945972986495,0.19926078615928333
6.398699349674838,0.19918242349261478
6.408204102051026,0.19910424143119912
6.417708854427214,0.1990262392630905
6.427213606803402,0.19894841628028673
6.43671835917959,0.19887077177943624
6.446223111555778,0.19879330505958256
6.455727863931966,0.19871601542438436
6.465232616308154,0.19863890218133662
6.474737368684343,0.19856196464174014
6.4842421210605306,0.1984852021206746
6.493746873436718,0.19840861393697182
6.503251625812907,0.19833219941318944
6.512756378189095,0.19825595787558487
6.522261130565283,0.19817988865408914
6.531765882941471,0.19810399108228116
6.541270635317659,0.1980282644973623
6.5507753876938475,0.19795270824013114
6.560280140070035,0.19787732165495828
6.569784892446223,0.1978021040897615
6.579289644822412,0.19772705489598116
6.588794397198599,0.19765217342855557
6.598299149574788,0.1975774590458971
6.607803901950976,0.19750291110986776
6.6173086543271635,0.19742852898575555
6.626813406703352,0.19735431204225093
6.63631815907954,0.19728025965142323
6.645822911455729,0.19720637118869733
6.655327663831916,0.19713264603283084
6.664832416208104,0.19705908356589127
6.674337168584293,0.196985683173233
6.6838419209604805,0.1969124442434753
6.693346673336668,0.19683936616847966
6.702851425712857,0.196766448343328
6.712356178089045,0.19669369016630042
6.721860930465233,0.1966210910388539
6.731365682841421,0.19654865036560026
6.740870435217609,0.19647636755428521
6.750375187593797,0.19640424201576698
6.759879939969985,0.1963322731639952
6.769384692346174,0.19626046041599024
6.7788894447223615,0.19618880319182241
6.788394197098549,0.19611730091459154
6.797898949474738,0.19604595301040653
6.807403701850926,0.19597475890836533
6.8169084542271134,0.19590371804053477
6.826413206603302,0.19583282984193087
6.83591795897949,0.19576209375049902
6.8454227113556785,0.19569150920709463
6.854927463731866,0.1956210756554635
6.864432216108054,0.19555079254222296
6.873936968484243,0.19548065931684247
6.88344172086043,0.1954106754316251
6.892946473236619,0.1953408403416884
6.902451225612807,0.19527115350494606
6.9119559779889945,0.19520161438208944
6.921460730365183,0.19513222243656914
6.930965482741371,0.1950629771345771
6.940470235117559,0.19499387794502837
6.949974987493747,0.19492492433954323
6.959479739869935,0.19485611579242976
6.968984492246124,0.19478745178066598
6.9784892446223115,0.19471893178388266
6.987993996998499,0.19465055528434572
6.997498749374688,0.19458232176693935
7.007003501750876,0.19451423071914892
7.016508254127064,0.19444628163104402
7.026013006503252,0.19437847399526176
7.03551775887944,0.19431080730699019
7.045022511255628,0.1942432810639517
7.054527263631816,0.1941758947663868
7.064032016008004,0.19410864791703789
7.0735367683841925,0.1940415400211329
7.08304152076038,0.1939745705863698
7.092546273136569,0.19390773912290019
7.102051025512757,0.193841045143314
7.111555777888944,0.19377448816262374
7.121060530265133,0.19370806769824903
7.130565282641321,0.19364178327000114
7.1400700350175095,0.19357563440006798
7.149574787393697,0.19350962061299873
7.159079539769885,0.193443741435689
7.168584292146074,0.19337799639736594
7.178089044522261,0.19331238502957326
7.187593796898449,0.19324690686615698
7.197098549274638,0.19318156144325038
7.2066033016508255,0.19311634829926005
7.216108054027014,0.19305126697485123
7.225612806403202,0.19298631701293367
7.23511755877939,0.1929214979586477
7.244622311155578,0.19285680935934998
7.254127063531766,0.19279225076459983
7.263631815907955,0.19272782172614536
7.2731365682841425,0.19266352179790974
7.28264132066033,0.19259935053597774
7.292146073036519,0.19253530749858214
7.301650825412707,0.19247139224609053
7.311155577788894,0.19240760434099183
7.320660330165083,0.19234394334788335
7.330165082541271,0.19228040883345757
7.339669834917459,0.1922170003664892
7.349174587293647,0.19215371751782248
7.358679339669835,0.192090559860358
7.3681840920460235,0.19202752696904052
7.377688844422211,0.19196461842084614
7.3871935967984,0.1919018337947698
7.396698349174588,0.19183917267181289
7.406203101550775,0.19177663463497108
7.415707853926964,0.19171421926922194
7.425212606303152,0.19165192616151303
7.43471735867934,0.1915897549007497
7.444222111055528,0.19152770507778316
7.453726863431716,0.19146577628539876
7.463231615807905,0.19140396811830418
7.472736368184092,0.19134228017311772
7.48224112056028,0.19128071204835667
7.491745872936469,0.19121926334442596
7.5012506253126565,0.1911579336636067
7.510755377688845,0.19109672261004476
7.520260130065033,0.19103562978973956
7.529764882441221,0.190974654810533
7.539269634817409,0.1909137972820982
7.548774387193597,0.19085305681592876
7.558279139569785,0.1907924330253276
7.5677838919459735,0.19073192552539622
7.577288644322161,0.19067153393302397
7.58679339669835,0.1906112578668773
7.596298149074538,0.1905510969473892
7.605802901450725,0.19049105079674863
7.615307653826914,0.1904311190388902
7.624812406203102,0.19037130129948354
7.63431715857929,0.1903115972059234
7.643821910955478,0.19025200638731896
7.653326663331666,0.190192528474484
7.6628314157078545,0.1901331630999268
7.672336168084042,0.19007390989783998
7.68184092046023,0.1900147685040907
7.691345672836419,0.18995573855621073
7.700850425212606,0.18989681969338668
7.710355177588795,0.1898380115564504
7.719859929964983,0.1897793137878691
7.729364682341171,0.18972072603173598
7.738869434717359,0.18966224793376055
7.748374187093547,0.1896038791412593
7.757878939469736,0.18954561930314637
7.767383691845923,0.18948746806992403
7.776888444222111,0.18942942509367364
7.7863931965983,0.18937149002804637
7.7958979489744875,0.1893136625282542
7.805402701350675,0.18925594225106074
7.814907453726864,0.18919832885477228
7.824412206103052,0.1891408219992288
7.83391695847924,0.18908342134579545
7.843421710855428,0.18902612655735326
7.852926463231616,0.1889689372982908
7.8624312156078044,0.18891185323449525
7.871935967983992,0.18885487403334403
7.881440720360181,0.188797999363696
7.890945472736369,0.18874122889588316
7.900450225112556,0.18868456230170208
7.909954977488745,0.1886279992544057
7.919459729864933,0.18857153942869487
7.9289644822411205,0.18851518250071003
7.938469234617309,0.1884589281480233
7.947973986993497,0.18840277604963002
7.9574787393696855,0.18834672588594087
7.966983491745873,0.1882907773387738
7.976488244122061,0.18823493009134593
7.98599299649825,0.18817918382826582
7.995497748874437,0.1881235382355255
8.005002501250626,0.18806799300049268
8.014507253626814,0.18801254781190296
8.024012006003002,0.18795720235985225
8.03351675837919,0.18790195633578893
8.043021510755377,0.18784680943250648
8.052526263131565,0.1877917613441357
8.062031015507754,0.1877368117661374
8.071535767883942,0.18768196039529492
8.081040520260132,0.18762720692970658
8.09054527263632,0.18757255106877865
8.100050025012507,0.1875179925132178
8.109554777388695,0.18746353096502388
8.119059529764883,0.18740916612748293
8.12856428214107,0.1873548977051597
8.138069034517258,0.187300725403891
8.147573786893446,0.1872466489307782
8.157078539269635,0.18719266799418052
8.166583291645823,0.1871387823037081
8.176088044022011,0.18708499157021477
8.1855927963982,0.18703129550579167
8.195097548774388,0.18697769382376
8.204602301150576,0.18692418623866452
8.214107053526764,0.18687077246662873
8.223611805902951,0.18681745222444768
8.23311655827914,0.18676422523009684
8.242621310655327,0.18671109120294854
8.252126063031517,0.18665804986356532
8.261630815407704,0.18660510093369356
8.271135567783892,0.1865522441362571
8.280640320160082,0.18649947919535065
8.29014507253627,0.18644680583623344
8.299649824912457,0.1863942237853232
8.309154577288645,0.18634173277018937
8.318659329664833,0.1862893325195473
8.32816408204102,0.18623702276325185
8.337668834417208,0.18618480323229117
8.347173586793396,0.18613267365878075
8.356678339169585,0.1860806337759572
8.366183091545773,0.1860286833181723
8.375687843921963,0.18597682202088686
8.38519259629815,0.18592504962066508
8.394697348674338,0.1858733658551682
8.404202101050526,0.1858217704631489
8.413706853426714,0.18577026318444548
8.423211605802901,0.1857188437599757
8.43271635817909,0.1856675119317315
8.442221110555277,0.18561626744277304
8.451725862931466,0.18556511003722287
8.461230615307654,0.18551403946026054
8.470735367683842,0.18546305545811675
8.480240120060031,0.1854121577780679
8.48974487243622,0.18536134616843059
8.499249624812407,0.1853106203785558
8.508754377188595,0.18525998015882403
8.518259129564782,0.18520942526063916
8.52776388194097,0.1851589554364234
8.537268634317158,0.18510857043961204
8.546773386693348,0.18505827002464784
8.556278139069535,0.1850080539469758
8.565782891445723,0.18495792196303812
8.575287643821913,0.18490787383026863
8.5847923961981,0.18485790930708776
8.594297148574288,0.18480802815289746
8.603801900950476,0.1847582301280759
8.613306653326664,0.18470851499397245
8.622811405702851,0.18465888251290258
8.632316158079039,0.18460933244814287
8.641820910455227,0.18455986456392603
8.651325662831416,0.1845104786254358
8.660830415207604,0.1844611743988021
8.670335167583794,0.18441195165109622
8.679839919959981,0.18436281015032574
8.68934467233617,0.1843137496654298
8.698849424712357,0.18426476996627422
8.708354177088545,0.18421587082364688
8.717858929464732,0.1841670520092527
8.72736368184092,0.18411831329570919
8.736868434217108,0.18406965445654147
8.746373186593297,0.18402107526617792
8.755877938969485,0.18397257549994533
8.765382691345673,0.18392415493406428
8.774887443721862,0.18387581334564457
8.78439219609805,0.183827550512681
8.793896948474238,0.18377936621404822
8.803401700850426,0.1837312602294969
8.812906453226613,0.1836832323396487
8.822411205602801,0.18363528232599222
8.831915957978989,0.18358740997087847
8.841420710355177,0.18353961505751637
8.850925462731366,0.18349189736996857
8.860430215107554,0.18344425669314707
8.869934967483744,0.18339669281280885
8.879439719859931,0.18334920551555167
8.888944472236119,0.18330179458880969
8.898449224612307,0.1832544598208495
8.907953976988495,0.18320720100076576
8.917458729364682,0.1831600179184769
8.92696348174087,0.18311291036472127
8.936468234117058,0.18306587813105282
8.945972986493247,0.18301892100983702
8.955477738869435,0.18297203879424692
8.964982491245623,0.18292523127825888
8.974487243621812,0.18287849825664879
8.983991995998,0.1828318395249879
8.993496748374188,0.18278525487963906
9.003001500750376,0.1827387441177524
9.012506253126563,0.18269230703726183
9.022011005502751,0.18264594343688087
9.03151575787894,0.1825996531160989
9.041020510255128,0.18255343587517722
9.050525262631316,0.18250729151514533
9.060030015007504,0.18246121983779698
9.069534767383692,0.18241522064568658
9.079039519759881,0.18236929374212518
9.088544272136069,0.18232343893117708
9.098049024512257,0.18227765601765578
9.107553776888444,0.18223194480712054
9.117058529264632,0.1821863051058725
9.12656328164082,0.1821407367209512
9.13606803401701,0.1820952394601309
9.145572786393197,0.18204981313191698
9.155077538769385,0.18200445754554226
9.164582291145573,0.18195917251096366
9.17408704352176,0.18191395783885841
9.18359179589795,0.18186881334062083
9.193096548274138,0.18182373882835837
9.202601300650326,0.18177873411488873
9.212106053026513,0.1817337990137359
9.221610805402701,0.18168893333912697
9.23111555777889,0.18164413690598868
9.240620310155078,0.18159940952994405
9.250125062531266,0.18155475102730892
9.259629814907454,0.18151016121508856
9.269134567283642,0.18146563991097464
9.278639319659831,0.1814211869333415
9.288144072036019,0.18137680210124316
9.297648824412207,0.1813324852344099
9.307153576788394,0.18128823615324505
9.316658329164582,0.1812440546788217
9.326163081540772,0.1811999406328796
9.33566783391696,0.18115589383782194
9.345172586293147,0.18111191411671188
9.354677338669335,0.1810680012932699
9.364182091045523,0.18102415519187018
9.37368684342171,0.18098037563753785
9.3831915957979,0.18093666245594556
9.392696348174088,0.1808930154734107
9.402201100550275,0.18084943451689198
9.411705852926463,0.18080591941398672
9.421210605302651,0.18076246999292758
9.43071535767884,0.18071908608257978
9.440220110055028,0.18067576751243772
9.449724862431216,0.18063251411262243
9.459229614807404,0.18058932571387834
9.468734367183592,0.1805462021475703
9.478239119559781,0.18050314324568087
9.487743871935969,0.18046014884080722
9.497248624312157,0.18041721876615832
9.506753376688344,0.1803743528555521
9.516258129064532,0.18033155094341227
9.525762881440722,0.18028881286476597
9.53526763381691,0.18024613845524068
9.544772386193097,0.1802035275510613
9.554277138569285,0.1801609799890475
9.563781890945473,0.180118495606611
9.573286643321662,0.18007607424175254
9.58279139569785,0.18003371573305949
9.592296148074038,0.17999141991970277
9.601800900450225,0.17994918664143433
9.611305652826413,0.17990701573858447
9.620810405202601,0.17986490705205896
9.63031515757879,0.17982286042333656
9.639819909954978,0.17978087569446632
9.649324662331166,0.1797389527080648
9.658829414707354,0.1796970913073137
9.668334167083541,0.17965529133595695
9.677838919459731,0.17961355263829828
9.687343671835919,0.17957187505919872
9.696848424212106,0.1795302584440738
9.706353176588294,0.17948870263889116
9.715857928964482,0.17944720749016804
9.725362681340672,0.17940577284496853
9.73486743371686,0.17936439855090133
9.744372186093047,0.17932308445611714
9.753876938469235,0.17928183040930606
9.763381690845423,0.17924063625969536
9.772886443221612,0.17919950185704675
9.7823911955978,0.17915842705165416
9.791895947973988,0.1791174116943413
9.801400700350175,0.17907645563645905
9.810905452726363,0.17903555872988325
9.820410205102553,0.1789947208270122
9.82991495747874,0.1789539417807644
9.839419709854928,0.17891322144457608
9.848924462231116,0.17887255967239882
9.858429214607304,0.17883195631869747
9.867933966983491,0.17879141123844744
9.87743871935968,0.17875092428713268
9.886943471735869,0.17871049532074332
9.896448224112056,0.17867012419577333
9.905952976488244,0.17862981076921824
9.915457728864432,0.17858955489857298
9.924962481240621,0.17854935644182957
9.93446723361681,0.17850921525747485
9.943971985992997,0.17846913120448835
9.953476738369185,0.17842910414233984
9.962981490745372,0.17838913393098763
9.972486243121562,0.1783492204308758
9.98199099549775,0.17830936350293244
9.991495747873937,0.1782695630085673
10.001000500250125,0.17822981880966968
10.010505252626313,0.17819013076860624
10.020010005002502,0.17815049874821912
10.02951475737869,0.17811092261182343
10.039019509754878,0.1780714022232054
10.048524262131066,0.1780319374466203
10.058029014507254,0.17799252814679026
10.067533766883443,0.17795317418890222
10.07703851925963,0.1779138754386059
10.086543271635819,0.17787463176201174
10.096048024012006,0.17783544302568888
10.105552776388194,0.17779630909666308
10.115057528764382,0.17775722984241485
10.124562281140571,0.17771820513087722
10.134067033516759,0.17767923483043388
10.143571785892947,0.17764031880991724
10.153076538269135,0.1776014569386064
10.162581290645322,0.17756264908622518
10.172086043021512,0.17752389512294017
10.1815907953977,0.17748519491935882
10.191095547773887,0.17744654834652743
10.200600300150075,0.1774079552759295
10.210105052526263,0.1773694155794834
10.219609804902452,0.17733092912954077
10.22911455727864,0.17729249579888454
10.238619309654828,0.17725411546072706
10.248124062031016,0.1772157879887083
10.257628814407203,0.17717751325689382
10.267133566783393,0.1771392911397731
10.27663831915958,0.1771011215122576
10.286143071535768,0.1770630042496789
10.295647823911956,0.17702493922778714
10.305152576288144,0.17698692632274876
10.314657328664333,0.1769489654111451
10.324162081040521,0.1769110563699704
10.333666833416709,0.17687319907663013
10.343171585792897,0.17683539340893914
10.352676338169085,0.17679763924511988
10.362181090545272,0.17675993646380078
10.371685842921462,0.1767222849440143
10.38119059529765,0.17668468456519545
10.390695347673837,0.17664713520717984
10.400200100050025,0.176609636750202
10.409704852426213,0.1765721890748939
10.419209604802402,0.17653479206228284
10.42871435717859,0.1764974455937902
10.438219109554778,0.1764601495512295
10.447723861930966,0.17642290381680464
10.457228614307153,0.17638570827310857
10.466733366683343,0.1763485628031213
10.47623811905953,0.17631146729020847
10.485742871435718,0.17627442161811965
10.495247623811906,0.17623742567098663
10.504752376188094,0.17620047933332195
10.514257128564283,0.1761635824900171
10.523761880940471,0.17612673502634113
10.533266633316659,0.17608993682793894
10.542771385692847,0.17605318778082957
10.552276138069034,0.1760164877714049
10.561780890445224,0.1759798366864279
10.571285642821412,0.17594323441303097
10.5807903951976,0.1759066808387147
10.590295147573787,0.17587017585134596
10.599799899949975,0.17583371933915667
10.609304652326163,0.17579731119074204
10.618809404702352,0.17576095129505925
10.62831415707854,0.17572463954142567
10.637818909454728,0.17568837581951766
10.647323661830915,0.17565216001936879
10.656828414207103,0.17561599203136855
10.666333166583293,0.1755798717462608
10.67583791895948,0.17554379905514225
10.685342671335668,0.175507773849461
10.694847423711856,0.1754717960210152
10.704352176088044,0.17543586546195133
10.713856928464233,0.17539998206476315
10.723361680840421,0.1753641457226686
10.732866433216609,0.17532835632849594
10.742371185592797,0.17529261377574037
10.751875937968984,0.17525691795826956
10.761380690345174,0.17522126877029104
10.770885442721362,0.17518566610635086
10.78039019509755,0.1751501098613322
10.789894947473737,0.17511459993045395
10.799399699849925,0.17507913620926951
10.808904452226114,0.17504371859366497
10.818409204602302,0.17500834697985826
10.82791395697849,0.1749730212643974
10.837418709354678,0.17493774134415943
10.846923461730865,0.17490250711634883
10.856428214107055,0.1748673184784963
10.865932966483243,0.17483217532845746
10.87543771885943,0.1747970775644114
10.884942471235618,0.1747620250848594
10.894447223611806,0.17472701778862376
10.903951975987994,0.1746920555748462
10.913456728364183,0.17465713834298696
10.922961480740371,0.174622265992823
10.932466233116559,0.17458743842444713
10.941970985492746,0.17455265553826663
10.951475737868934,0.1745179172350019
10.960980490245124,0.17448322341568506
10.970485242621312,0.17444857398165908
10.9799899949975,0.1744139688345761
10.989494747373687,0.17437940787639652
10.998999499749875,0.17434489100938746
11.008504252126064,0.1743104181361217
11.018009004502252,0.1742759891594765
11.02751375687844,0.17424160398263216
11.037018509254628,0.17420726250907098
11.046523261630815,0.17417296464257598
11.056028014007005,0.17413871028722971
11.065532766383193,0.1741044993474131
11.07503751875938,0.17407033172780403
11.084542271135568,0.17403620733337644
11.094047023511756,0.17400212606939902
11.103551775887945,0.17396808784143394
11.113056528264133,0.17393409255533587
11.122561280640321,0.17390014011725063
11.132066033016509,0.1738662304336141
11.141570785392696,0.1738323634111511
11.151075537768884,0.17379853895687425
11.160580290145074,0.1737647569780827
11.170085042521261,0.17373101738236107
11.17958979489745,0.1736973200775784
11.189094547273637,0.17366366497188687
11.198599299649825,0.17363005197372075
11.208104052026014,0.17359648099179537
11.217608804402202,0.17356295193510576
11.22711355677839,0.17352946471292588
11.236618309154577,0.17349601923480723
11.246123061530765,0.1734626154105778
11.255627813906955,0.17342925315034127
11.265132566283143,0.17339593236447548
11.27463731865933,0.17336265296363162
11.284142071035518,0.1733294148587332
11.293646823411706,0.1732962179609748
11.303151575787895,0.17326306218182108
11.312656328164083,0.17322994743300577
11.32216108054027,0.17319687362653058
11.331665832916459,0.17316384067466412
11.341170585292646,0.17313084848994084
11.350675337668836,0.17309789698516012
11.360180090045024,0.17306498607338514
11.369684842421211,0.17303211566794172
11.379189594797399,0.1729992856824177
11.388694347173587,0.17296649603066136
11.398199099549775,0.17293374662678093
11.407703851925964,0.17290103738514312
11.417208604302152,0.17286836822037266
11.42671335667834,0.17283573904735067
11.436218109054527,0.1728031497812142
11.445722861430715,0.17277060033735483
11.455227613806905,0.17273809063141804
11.464732366183092,0.17270562057930203
11.47423711855928,0.1726731900971566
11.483741870935468,0.17264079910138264
11.493246623311656,0.17260844750863058
11.502751375687845,0.17257613523579995
11.512256128064033,0.17254386220003812
11.52176088044022,0.17251162831873929
11.531265632816408,0.17247943350954387
11.540770385192596,0.17244727769033716
11.550275137568786,0.17241516077924873
11.559779889944974,0.1723830826946513
11.569284642321161,0.17235104335515966
11.578789394697349,0.17231904267963016
11.588294147073537,0.17228708058715955
11.597798899449726,0.17225515699708385
11.607303651825914,0.1722232718289779
11.616808404202102,0.17219142500265397
11.62631315657829,0.1721596164381613
11.635817908954477,0.17212784605578485
11.645322661330665,0.17209611377604453
11.654827413706855,0.17206441951969434
11.664332166083042,0.1720327632077215
11.67383691845923,0.1720011447613455
11.683341670835418,0.1719695641020172
11.692846423211606,0.17193802115141793
11.702351175587795,0.1719065158314588
11.711855927963983,0.17187504806427967
11.72136068034017,0.1718436177722483
11.730865432716358,0.17181222487795944
11.740370185092546,0.17178086930423425
11.749874937468736,0.17174955097411906
11.759379689844923,0.1717182698108847
11.768884442221111,0.17168702573802583
11.778389194597299,0.1716558186792597
11.787893946973487,0.17162464855852572
11.797398699349676,0.17159351529998443
11.806903451725864,0.17156241882801648
11.816408204102052,0.17153135906722233
11.82591295647824,0.1715003359424209
11.835417708854427,0.171469349378649
11.844922461230617,0.17143839930116042
11.854427213606805,0.17140748563542538
11.863931965982992,0.17137660830712925
11.87343671835918,0.1713457672421722
11.882941470735368,0.1713149623666682
11.892446223111556,0.17128419360694416
11.901950975487745,0.17125346088953924
11.911455727863933,0.1712227641412041
11.92096048024012,0.17119210328890003
11.930465232616308,0.1711614782597981
11.939969984992496,0.17113088898127862
11.949474737368686,0.1711003353809301
11.958979489744873,0.17106981738654867
11.968484242121061,0.17103933492613718
11.977988994497249,0.17100888792790456
11.987493746873437,0.17097847632026492
11.996998499249626,0.170948100031837
12.006503251625814,0.17091775899144318
12.016008004002002,0.1708874531281088
12.02551275637819,0.17085718237106154
12.035017508754377,0.17082694664973055
12.044522261130567,0.17079674589374574
12.054027013506754,0.170766580032937
12.063531765882942,0.1707364489973336
12.07303651825913,0.1707063527171633
12.082541270635318,0.1706762911228518
12.092046023011507,0.1706462641450217
12.101550775387695,0.1706162717144923
12.111055527763883,0.17058631376227826
12.12056028014007,0.17055639021958946
12.130065032516258,0.1705265010178298
12.139569784892446,0.17049664608859688
12.149074537268636,0.17046682536368107
12.158579289644823,0.17043703877506494
12.168084042021011,0.1704072862549224
12.177588794397199,0.17037756773561813
12.187093546773387,0.17034788314970695
12.196598299149576,0.1703182324299329
12.206103051525764,0.1702886155092288
12.215607803901952,0.17025903232071538
12.22511255627814,0.17022948279770073
12.234617308654327,0.17019996687367958
12.244122061030517,0.1701704844823326
12.253626813406704,0.17014103555752572
12.263131565782892,0.1701116200333096
12.27263631815908,0.17008223784391865
12.282141070535268,0.17005288892377082
12.291645822911457,0.1700235732074665
12.301150575287645,0.1699942906297882
12.310655327663833,0.1699650411256996
12.32016008004002,0.1699358246303452
12.329664832416208,0.16990664107904946
12.339169584792398,0.1698774904073162
12.348674337168585,0.169848372550828
12.358179089544773,0.16981928744544558
12.367683841920961,0.16979023502720703
12.377188594297149,0.16976121523232737
12.386693346673336,0.16973222799719775
12.396198099049526,0.1697032732583849
12.405702851425714,0.1696743509526306
12.415207603801901,0.16964546101685074
12.42471235617809,0.1696166033881351
12.434217108554277,0.1695877780037465
12.443721860930467,0.16955898480112014
12.453226613306654,0.16953022371786317
12.462731365682842,0.169501494691754
12.47223611805903,0.16947279766074158
12.481740870435218,0.16944413256294502
12.491245622811407,0.16941549933665281
12.500750375187595,0.16938689792032227
12.510255127563783,0.169358328252579
12.51975987993997,0.16932979027221617
12.529264632316158,0.1693012839181941
12.538769384692348,0.16927280912963952
12.548274137068535,0.1692443658458451
12.557778889444723,0.16921595400626868
12.56728364182091,0.169187573550533
12.576788394197099,0.16915922441842482
12.586293146573288,0.16913090654989446
12.595797898949476,0.16910261988505534
12.605302651325664,0.16907436436418316
12.614807403701851,0.16904613992771558
12.62431215607804,0.1690179465162515
12.633816908454227,0.16898978407055046
12.643321660830416,0.16896165253153234
12.652826413206604,0.16893355184027645
12.662331165582792,0.16890548193802132
12.67183591795898,0.1688774427661638
12.681340670335167,0.1688494342662587
12.690845422711357,0.16882145638001836
12.700350175087545,0.16879350904931184
12.709854927463732,0.16876559221616447
12.71935967983992,0.16873770582275746
12.728864432216108,0.16870984981142717
12.738369184592298,0.1686820241246646
12.747873936968485,0.1686542287051149
12.757378689344673,0.16862646349557692
12.76688344172086,0.16859872843900248
12.776388194097049,0.168571023478496
12.785892946473238,0.16854334855731393
12.795397698849426,0.16851570361886414
12.804902451225614,0.16848808860670558
12.814407203601801,0.16846050346454763
12.823911955977989,0.16843294813624957
12.833416708354179,0.16840542256582008
12.842921460730366,0.16837792669741686
12.852426213106554,0.16835046047534585
12.861930965482742,0.16832302384406103
12.87143571785893,0.16829561674816368
12.880940470235117,0.16826823913240194
12.890445222611307,0.16824089094167047
12.899949974987495,0.16821357212100957
12.909454727363682,0.1681862826156051
12.91895947973987,0.1681590223707877
12.928464232116058,0.16813179133203243
12.937968984492247,0.16810458944495826
12.947473736868435,0.16807741665532755
12.956978489244623,0.16805027290904556
12.96648324162081,0.16802315815215996
12.975987993996998,0.16799607233086045
12.985492746373188,0.16796901539147807
12.994997498749376,0.16794198728048496
13.004502251125563,0.16791498794449364
13.014007003501751,0.1678880173302568
13.023511755877939,0.16786107538466646
13.033016508254128,0.1678341620547541
13.042521260630316,0.16780727728768938
13.052026013006504,0.1677804210307803
13.061530765382692,0.16775359323147268
13.07103551775888,0.16772679383734931
13.080540270135069,0.16770002279612983
13.090045022511257,0.16767328005567023
13.099549774887445,0.16764656556396212
13.109054527263632,0.16761987926913277
13.11855927963982,0.1675932211194442
13.128064032016008,0.16756659106329286
13.137568784392197,0.16753998904920928
13.147073536768385,0.16751341502585765
13.156578289144573,0.16748686894203502
13.16608304152076,0.1674603507466714
13.175587793896948,0.16743386038882885
13.185092546273138,0.16740739781770125
13.194597298649326,0.16738096298261393
13.204102051025513,0.16735455583302286
13.213606803401701,0.16732817631851477
13.223111555777889,0.16730182438880634
13.232616308154078,0.1672754999937437
13.242121060530266,0.16724920308330238
13.251625812906454,0.16722293360758653
13.261130565282642,0.16719669151682862
13.27063531765883,0.167170476761389
13.280140070035019,0.16714428929175545
13.289644822411207,0.16711812905854295
13.299149574787394,0.16709199601249297
13.308654327163582,0.16706589010447317
13.31815907953977,0.167039811285477
13.32766383191596,0.16701375950662342
13.337168584292147,0.1669877347191561
13.346673336668335,0.16696173687444346
13.356178089044523,0.1669357659239779
13.36568284142071,0.16690982181937572
13.375187593796898,0.1668839045123763
13.384692346173088,0.16685801395484215
13.394197098549276,0.16683215009875815
13.403701850925463,0.16680631289623135
13.413206603301651,0.16678050229949043
13.422711355677839,0.16675471826088545
13.432216108054028,0.1667289607328873
13.441720860430216,0.16670322966808743
13.451225612806404,0.16667752501919736
13.460730365182592,0.1666518467390484
13.47023511755878,0.1666261947805911
13.479739869934969,0.16660056909689505
13.489244622311157,0.16657496964114826
13.498749374687344,0.16654939636665705
13.508254127063532,0.1665238492268454
13.51775887943972,0.16649832817525473
13.52726363181591,0.16647283316554348
13.536768384192097,0.16644736415148678
13.546273136568285,0.16642192108697584
13.555777888944473,0.16639650392601793
13.56528264132066,0.1663711126227357
13.57478739369685,0.16634574713136704
13.584292146073038,0.16632040740626447
13.593796898449225,0.16629509340189494
13.603301650825413,0.16626980507283945
13.612806403201601,0.1662445423737926
13.622311155577789,0.16621930525956222
13.631815907953978,0.16619409368506916
13.641320660330166,0.16616890760534672
13.650825412706354,0.16614374697554044
13.660330165082541,0.16611861175090767
13.66983491745873,0.16609350188681718
13.679339669834919,0.16606841733874883
13.688844422211107,0.16604335806229334
13.698349174587294,0.1660183240131517
13.707853926963482,0.16599331514713506
13.71735867933967,0.1659683314201641
13.72686343171586,0.16594337278826884
13.736368184092047,0.16591843920758842
13.745872936468235,0.1658935306343705
13.755377688844423,0.16586864702497112
13.76488244122061,0.16584378833585411
13.7743871935968,0.16581895452359108
13.783891945972988,0.16579414554486066
13.793396698349175,0.16576936135644857
13.802901450725363,0.16574460191524706
13.81240620310155,0.16571986717825457
13.82191095547774,0.16569515710257546
13.831415707853928,0.16567047164541962
13.840920460230116,0.16564581076410215
13.850425212606304,0.16562117441604302
13.859929964982491,0.16559656255876684
13.86943471735868,0.16557197514990235
13.878939469734869,0.16554741214718224
13.888444222111056,0.1655228735084427
13.897948974487244,0.16549835919162315
13.907453726863432,0.16547386915476597
13.91695847923962,0.16544940335601613
13.92646323161581,0.16542496175362076
13.935967983991997,0.16540054430592901
13.945472736368185,0.16537615097139163
13.954977488744372,0.16535178170856063
13.96448224112056,0.165327436476089
13.97398699349675,0.1653031152327304
13.983491745872938,0.16527881793733878
13.992996498249125,0.1652545445488683
14.002501250625313,0.16523029502637254
14.0120060030015,0.16520606932900472
14.02151075537769,0.16518186741601698
14.031015507753878,0.16515768924676036
14.040520260130066,0.16513353478068435
14.050025012506254,0.1651094039773364
14.059529764882441,0.1650852967963621
14.06903451725863,0.16506121319750444
14.078539269634819,0.1650371531406036
14.088044022011006,0.16501311658559686
14.097548774387194,0.16498910349251797
14.107053526763382,0.16496511382149703
14.11655827913957,0.16494114753276037
14.12606303151576,0.16491720458662978
14.135567783891947,0.16489328494352268
14.145072536268135,0.16486938856395153
14.154577288644322,0.1648455154085237
14.16408204102051,0.16482166543794108
14.1735867933967,0.1647978386129998
14.183091545772887,0.16477403489458994
14.192596298149075,0.1647502542436954
14.202101050525263,0.1647264966213933
14.21160580290145,0.1647027619888539
14.22111055527764,0.1646790503073403
14.230615307653828,0.16465536153820812
14.240120060030016,0.1646316956429052
14.249624812406203,0.16460805258297131
14.259129564782391,0.16458443232003794
14.26863431715858,0.16456083481582792
14.278139069534769,0.16453726003215527
14.287643821910956,0.16451370793092465
14.297148574287144,0.16449017847413153
14.306653326663332,0.16446667162386147
14.316158079039521,0.16444318734229002
14.325662831415709,0.16441972559168253
14.335167583791897,0.16439628633460263
14.344672336168085,0.16437286953336672
14.354177088544272,0.16434947515042264
14.36368184092046,0.16432610314839177
14.37318659329665,0.16430275348998397
14.382691345672837,0.1642794261379971
14.392196098049025,0.16425612105531703
14.401700850425213,0.16423283820491688
14.4112056028014,0.16420957754985724
14.42071035517759,0.1641863390532857
14.430215107553778,0.16416312267843652
14.439719859929966,0.1641399283886305
14.449224612306153,0.1641167561472747
14.458729364682341,0.164093605917862
14.46823411705853,0.1640704776639712
14.477738869434718,0.16404737134926634
14.487243621810906,0.16402428693749666
14.496748374187094,0.16400122439249643
14.506253126563282,0.16397818367818454
14.515757878939471,0.16395516475856417
14.525262631315659,0.16393216759772294
14.534767383691847,0.16390919215983207
14.544272136068034,0.16388623840914654
14.553776888444222,0.16386330631000476
14.563281640820412,0.16384039582682824
14.5727863931966,0.1638175069241214
14.582291145572787,0.16379463956647133
14.591795897948975,0.16377179371854744
14.601300650325163,0.1637489693451013
14.61080540270135,0.16372616641096654
14.62031015507754,0.16370338488105815
14.629814907453728,0.16368062472037279
14.639319659829916,0.16365788589398816
14.648824412206103,0.16363516836706293
14.658329164582291,0.16361247210483643
14.66783391695848,0.16358979707262838
14.677338669334668,0.16356714323583882
14.686843421710856,0.16354451055994765
14.696348174087044,0.16352189901051445
14.705852926463232,0.1634993085531784
14.715357678839421,0.1634767391536579
14.724862431215609,0.16345419077775025
14.734367183591797,0.16343166339133172
14.743871935967984,0.1634091569603569
14.753376688344172,0.1633866714508588
14.762881440720362,0.16336420682894856
14.77238619309655,0.16334176306081505
14.781890945472737,0.16331934011272478
14.791395697848925,0.16329693795102165
14.800900450225113,0.16327455654212675
14.810405202601302,0.163252195852538
14.81990995497749,0.16322985584883012
14.829414707353678,0.1632075364976542
14.838919459729865,0.16318523776573768
14.848424212106053,0.1631629596198839
14.857928964482241,0.1631407020269721
14.86743371685843,0.16311846495395696
14.876938469234618,0.16309624836786865
14.886443221610806,0.16307405223581237
14.895947973986994,0.16305187652496822
14.905452726363182,0.16302972120259107
14.914957478739371,0.16300758623601014
14.924462231115559,0.162985471592629
14.933966983491747,0.1629633772399251
14.943471735867934,0.16294130314544988
14.952976488244122,0.16291924927682827
14.962481240620312,0.16289721560175854
14.9719859929965,0.1628752020880122
14.981490745372687,0.1628532087034337
14.990995497748875,0.1628312354159402
15.000500250125063,0.16280928219352134
15.010005002501252,0.16278734900423916
15.01950975487744,0.1627654358162277
15.029014507253628,0.16274354259769297
15.038519259629815,0.1627216693169127
15.048024012006003,0.16269981594223595
15.057528764382193,0.16267798244208312
15.06703351675838,0.16265616878494565
15.076538269134568,0.16263437493938587
15.086043021510756,0.16261260087403664
15.095547773886944,0.16259084655760145
15.105052526263131,0.16256911195885385
15.114557278639321,0.16254739704663745
15.124062031015509,0.16252570178986578
15.133566783391696,0.16250402615752188
15.143071535767884,0.1624823701186583
15.152576288144072,0.16246073364239672
15.162081040520262,0.16243911669792796
15.17158579289645,0.16241751925451153
15.181090545272637,0.1623959412814757
15.190595297648825,0.16237438274821703
15.200100050025013,0.1623528436242004
15.209604802401202,0.16233132387895874
15.21910955477739,0.16230982348209277
15.228614307153578,0.16228834240327075
15.238119059529765,0.1622668806122286
15.247623811905953,0.16224543807876934
15.257128564282143,0.16222401477276316
15.26663331665833,0.16220261066414696
15.276138069034518,0.16218122572292443
15.285642821410706,0.16215985991916576
15.295147573786894,0.16213851322300735
15.304652326163083,0.16211718560465177
15.31415707853927,0.16209587703436748
15.323661830915459,0.1620745874824887
15.333166583291646,0.1620533169194151
15.342671335667834,0.16203206531561182
15.352176088044022,0.16201083264160906
15.361680840420211,0.1619896188680021
15.3711855927964,0.16196842396545086
15.380690345172587,0.1619472479046801
15.390195097548775,0.1619260906564788
15.399699849924962,0.16190495219170029
15.409204602301152,0.16188383248126187
15.41870935467734,0.16186273149614486
15.428214107053527,0.16184164920739416
15.437718859429715,0.1618205855861182
15.447223611805903,0.16179954060348878
15.456728364182093,0.16177851423074086
15.46623311655828,0.16175750643917236
15.475737868934468,0.161736517200144
15.485242621310656,0.1617155464850791
15.494747373686844,0.16169459426546348
15.504252126063033,0.16167366051284515
15.51375687843922,0.16165274519883435
15.523261630815409,0.16163184829510305
15.532766383191596,0.16161096977338518
15.542271135567784,0.16159010960547598
15.551775887943974,0.16156926776323235
15.561280640320161,0.16154844421857223
15.570785392696349,0.16152763894347472
15.580290145072537,0.16150685190997965
15.589794897448725,0.16148608309018783
15.599299649824914,0.16146533245626032
15.608804402201102,0.16144459998041866
15.61830915457729,0.1614238856349447
15.627813906953477,0.16140318939218012
15.637318659329665,0.16138251122452665
15.646823411705853,0.16136185110444556
15.656328164082042,0.16134120900445775
15.66583291645823,0.16132058489714346
15.675337668834418,0.16129997875514213
15.684842421210606,0.16127939055115217
15.694347173586793,0.16125882025793095
15.703851925962983,0.16123826784829445
15.71335667833917,0.1612177332951173
15.722861430715358,0.16119721657133243
15.732366183091546,0.16117671764993102
15.741870935467734,0.16115623650396219
15.751375687843924,0.16113577310653313
15.760880440220111,0.1611153274308087
15.770385192596299,0.16109489945001118
15.779889944972487,0.16107448913742048
15.789394697348675,0.16105409646637364
15.798899449724864,0.1610337214102648
15.808404202101052,0.16101336394254515
15.81790895447724,0.16099302403672242
15.827413706853427,0.16097270166636116
15.836918459229615,0.16095239680508236
15.846423211605805,0.16093210942656325
15.855927963981992,0.16091183950453725
15.86543271635818,0.16089158701279377
15.874937468734368,0.1608713519251781
15.884442221110556,0.1608511342155911
15.893946973486743,0.1608309338579894
15.903451725862933,0.1608107508263847
15.91295647823912,0.16079058509484423
15.922461230615308,0.16077043663749013
15.931965982991496,0.1607503054284995
15.941470735367684,0.16073019144210424
15.950975487743873,0.1607100946525908
15.960480240120061,0.1606900150343003
15.969984992496249,0.16066995256162797
15.979489744872437,0.16064990720902333
15.988994497248624,0.1606298789509899
15.998499249624814,0.16060986776208516
16.008004002001,0.16058987361692023
16.01750875437719,0.16056989649015982
16.027013506753377,0.16054993635652218
16.036518259129565,0.16052999319077876
16.046023011505753,0.16051006696775424
16.05552776388194,0.16049015766232624
16.06503251625813,0.1604702652494253
16.074537268634316,0.1604503897040346
16.084042021010504,0.16043053100119
16.093546773386695,0.16041068911597975
16.103051525762883,0.16039086402354444
16.11255627813907,0.16037105569907664
16.12206103051526,0.1603512641178212
16.131565782891446,0.1603314892550745
16.141070535267634,0.16031173108618502
16.150575287643825,0.16029198958655252
16.160080040020013,0.1602722647316284
16.1695847923962,0.16025255649691528
16.17908954477239,0.16023286485796692
16.188594297148576,0.16021318979038823
16.198099049524764,0.1601935312698349
16.20760380190095,0.16017388927201348
16.21710855427714,0.16015426377268102
16.226613306653327,0.16013465474764513
16.236118059029515,0.16011506217276372
16.245622811405703,0.16009548602394505
16.25512756378189,0.16007592627714726
16.264632316158078,0.16005638290837862
16.274137068534266,0.16003685589369696
16.283641820910454,0.16001734520921004
16.293146573286645,0.1599978508310751
16.302651325662833,0.15997837273549873
16.31215607803902,0.15995891089873676
16.321660830415208,0.1599394652970943
16.331165582791396,0.15992003590692527
16.340670335167587,0.1599006227046328
16.350175087543775,0.15988122566666835
16.359679839919963,0.1598618447695324
16.36918459229615,0.15984247998977366
16.37868934467234,0.15982313130398934
16.388194097048526,0.15980379868882477
16.397698849424714,0.15978448212097343
16.4072036018009,0.1597651815771769
16.41670835417709,0.15974589703422434
16.426213106553277,0.15972662846895294
16.435717858929465,0.15970737585824726
16.445222611305653,0.15968813917903948
16.45472736368184,0.15966891840830894
16.464232116058028,0.15964971352308235
16.473736868434216,0.1596305245004335
16.483241620810404,0.15961135131748308
16.492746373186595,0.15959219395139868
16.502251125562783,0.15957305237939456
16.51175587793897,0.15955392657873163
16.521260630315158,0.15953481652671722
16.530765382691346,0.15951572220070503
16.540270135067537,0.15949664357809504
16.549774887443725,0.1594775806363332
16.559279639819913,0.15945853335291157
16.5687843921961,0.15943950170536803
16.578289144572288,0.15942048567128622
16.587793896948476,0.15940148522829534
16.597298649324664,0.15938250035407012
16.60680340170085,0.1593635310263307
16.61630815407704,0.15934457722284254
16.625812906453227,0.15932563892141602
16.635317658829415,0.1593067160999068
16.644822411205602,0.1592878087362153
16.65432716358179,0.15926891680828675
16.663831915957978,0.1592500402941111
16.673336668334166,0.1592311791717228
16.682841420710353,0.15921233341920074
16.692346173086545,0.1591935030146682
16.701850925462733,0.1591746879362926
16.71135567783892,0.15915588816228543
16.720860430215108,0.15913710367090222
16.730365182591296,0.15911833444044232
16.739869934967487,0.1590995804492488
16.749374687343675,0.1590808416757085
16.758879439719863,0.15906211809825158
16.76838419209605,0.15904340969535172
16.777888944472238,0.1590247164455259
16.787393696848426,0.1590060383273342
16.796898449224614,0.15898737531937995
16.8064032016008,0.15896872740030912
16.81590795397699,0.15895009454881084
16.825412706353177,0.15893147674361677
16.834917458729365,0.15891287396350132
16.844422211105552,0.15889428618728127
16.85392696348174,0.158875713393816
16.863431715857928,0.15885715556200697
16.872936468234116,0.15883861267079796
16.882441220610303,0.15882008469917477
16.891945972986495,0.15880157162616523
16.901450725362682,0.1587830734308389
16.91095547773887,0.15876459009230717
16.920460230115058,0.1587461215897231
16.929964982491246,0.1587276679022812
16.939469734867437,0.1587092290092175
16.948974487243625,0.15869080488980927
16.958479239619813,0.15867239552337503
16.967983991996,0.15865400088927437
16.977488744372188,0.15863562096690798
16.986993496748376,0.15861725573571728
16.996498249124564,0.1585989051751847
17.00600300150075,0.15858056926483313
17.01550775387694,0.15856224798422622
17.025012506253127,0.15854394131296798
17.034517258629315,0.1585256492307029
17.044022011005502,0.1585073717171156
17.05352676338169,0.158489108751931
17.06303151575788,0.15847086031491406
17.07253626813407,0.15845262638586957
17.082041020510257,0.15843440694464242
17.091545772886445,0.1584162019711171
17.101050525262632,0.15839801144521776
17.11055527763882,0.15837983534690814
17.120060030015008,0.15836167365619144
17.129564782391196,0.1583435263531102
17.139069534767383,0.15832539341774624
17.14857428714357,0.15830727483022045
17.158079039519762,0.15828917057069292
17.16758379189595,0.1582710806193626
17.177088544272138,0.1582530049564673
17.186593296648326,0.15823494356228365
17.196098049024513,0.15821689641712688
17.2056028014007,0.15819886350135076
17.21510755377689,0.15818084479534764
17.224612306153077,0.15816284027954805
17.234117058529264,0.1581448499344211
17.243621810905452,0.1581268737404737
17.25312656328164,0.15810891167825109
17.26263131565783,0.1580909637283364
17.27213606803402,0.1580730298713507
17.281640820410207,0.1580551100879528
17.291145572786395,0.15803720435883922
17.300650325162582,0.1580193126647441
17.31015507753877,0.15800143498643898
17.319659829914958,0.157983571304733
17.329164582291146,0.15796572160047248
17.338669334667333,0.15794788585454098
17.34817408704352,0.1579300640478592
17.357678839419712,0.15791225616138485
17.3671835917959,0.1578944621761127
17.376688344172088,0.1578766820730742
17.386193096548276,0.15785891583333775
17.395697848924463,0.15784116343800814
17.40520260130065,0.15782342486822704
17.41470735367684,0.15780570010517236
17.424212106053027,0.15778798913005865
17.433716858429214,0.15777029192413644
17.443221610805402,0.15775260846869277
17.452726363181593,0.15773493874505062
17.46223111555778,0.15771728273456906
17.47173586793397,0.1576996404186431
17.481240620310157,0.1576820117787035
17.490745372686344,0.157664396796217
17.500250125062532,0.15764679545268584
17.50975487743872,0.15762920772964784
17.519259629814908,0.1576116336086764
17.528764382191095,0.15759407307138024
17.538269134567283,0.15757652609940348
17.54777388694347,0.1575589926744254
17.557278639319662,0.15754147277816047
17.56678339169585,0.15752396639235816
17.576288144072038,0.15750647349880298
17.585792896448226,0.15748899407931427
17.595297648824413,0.1574715281157462
17.6048024012006,0.15745407558998756
17.61430715357679,0.15743663648396192
17.623811905952977,0.15741921077962728
17.633316658329164,0.157401798458976
17.642821410705352,0.1573843995040351
17.652326163081543,0.15736701389686558
17.66183091545773,0.1573496416195628
17.67133566783392,0.1573322826542562
17.680840420210107,0.1573149369831092
17.690345172586294,0.15729760458831923
17.699849924962482,0.15728028545211759
17.70935467733867,0.15726297955676927
17.718859429714858,0.15724568688457308
17.728364182091045,0.1572284074178613
17.737868934467233,0.15721114113899987
17.74737368684342,0.1571938880303881
17.756878439219612,0.15717664807445872
17.7663831915958,0.15715942125367766
17.775887943971988,0.15714220755054417
17.785392696348175,0.1571250069475905
17.794897448724363,0.15710781942738206
17.80440220110055,0.15709064497251715
17.81390695347674,0.15707348356562686
17.823411705852926,0.15705633518937528
17.832916458229114,0.1570391998264591
17.842421210605302,0.15702207745960767
17.851925962981493,0.15700496807158282
17.86143071535768,0.156987871645179
17.87093546773387,0.15697078816322294
17.880440220110057,0.15695371760857377
17.889944972486244,0.15693665996412287
17.899449724862432,0.15691961521279368
17.90895447723862,0.15690258333754184
17.918459229614808,0.15688556432135495
17.927963981990995,0.1568685581472525
17.937468734367183,0.15685156479828596
17.946973486743374,0.15683458425753843
17.956478239119562,0.15681761650812476
17.96598299149575,0.15680066153319147
17.975487743871938,0.1567837193159166
17.984992496248125,0.1567667898395096
17.994497248624313,0.15674987308721136
18.0040020010005,0.1567329690422941
18.01350675337669,0.1567160776880613
18.023011505752876,0.15669919900784754
18.032516258129064,0.15668233298501852
18.042021010505252,0.15666547960297092
18.051525762881443,0.1566486388451325
18.06103051525763,0.15663181069496168
18.07053526763382,0.15661499513594787
18.080040020010006,0.156598192151611
18.089544772386194,0.15658140172550178
18.099049524762382,0.15656462384120154
18.10855427713857,0.1565478584823219
18.118059029514757,0.15653110563250508
18.127563781890945,0.15651436527542367
18.137068534267133,0.15649763739478031
18.146573286643324,0.15648092197430807
18.156078039019512,0.15646421899777013
18.1655827913957,0.15644752844895962
18.175087543771888,0.1564308503116997
18.184592296148075,0.1564141845698435
18.194097048524263,0.15639753120727398
18.20360180090045,0.15638089020790377
18.21310655327664,0.1563642615556754
18.222611305652826,0.1563476452345608
18.232116058029014,0.15633104122856165
18.241620810405202,0.15631444952170892
18.251125562781393,0.15629787009806329
18.26063031515758,0.1562813029417146
18.27013506753377,0.15626474803678186
18.279639819909956,0.15624820536741357
18.289144572286144,0.15623167491778714
18.298649324662332,0.1562151566721091
18.30815407703852,0.15619865061461516
18.317658829414707,0.15618215672956967
18.327163581790895,0.15616567500126607
18.336668334167083,0.15614920541402655
18.346173086543274,0.15613274795220192
18.355677838919462,0.15611630260017173
18.36518259129565,0.15609986934234418
18.374687343671837,0.1560834481631559
18.384192096048025,0.15606703904707198
18.393696848424213,0.15605064197858604
18.4032016008004,0.15603425694221976
18.41270635317659,0.1560178839225233
18.422211105552776,0.15600152290407496
18.431715857928964,0.15598517387148106
18.441220610305155,0.15596883680937612
18.450725362681343,0.15595251170242255
18.46023011505753,0.1559361985353107
18.46973486743372,0.15591989729275887
18.479239619809906,0.15590360795951297
18.488744372186094,0.15588733052034684
18.49824912456228,0.15587106496006178
18.50775387693847,0.15585481126348688
18.517258629314657,0.1558385694154786
18.526763381690845,0.155822339400921
18.536268134067033,0.1558061212047254
18.545772886443224,0.1557899148118306
18.555277638819412,0.15577372020720265
18.5647823911956,0.15575753737583467
18.574287143571787,0.1557413663027471
18.583791895947975,0.15572520697298736
18.593296648324163,0.15570905937163
18.60280140070035,0.15569292348377634
18.61230615307654,0.15567679929455472
18.621810905452726,0.1556606867891204
18.631315657828914,0.1556445859526552
18.640820410205105,0.15562849677036775
18.650325162581293,0.1556124192274934
18.65982991495748,0.15559635330929394
18.66933466733367,0.15558029900105774
18.678839419709856,0.15556425628809964
18.688344172086044,0.1555482251557609
18.69784892446223,0.15553220558940906
18.70735367683842,0.15551619757443794
18.716858429214607,0.15550020109626758
18.726363181590795,0.15548421614034424
18.735867933966983,0.15546824269214013
18.745372686343174,0.15545228073715367
18.75487743871936,0.15543633026090903
18.76438219109555,0.1554203912489565
18.773886943471737,0.15540446368687214
18.783391695847925,0.15538854756025774
18.792896448224113,0.15537264285474087
18.8024012006003,0.15535674955597484
18.81190595297649,0.15534086764963845
18.821410705352676,0.15532499712143613
18.830915457728864,0.15530913795709778
18.840420210105055,0.15529329014237866
18.849924962481243,0.15527745366305964
18.85942971485743,0.15526162850494668
18.86893446723362,0.15524581465387102
18.878439219609806,0.15523001209568915
18.887943971985994,0.15521422081628278
18.89744872436218,0.15519844080155862
18.90695347673837,0.15518267203744834
18.916458229114557,0.15516691450990874
18.925962981490745,0.15515116820492142
18.935467733866936,0.15513543310849284
18.944972486243124,0.15511970920665435
18.95447723861931,0.15510399648546191
18.9639819909955,0.1550882949309963
18.973486743371687,0.15507260452936283
18.982991495747875,0.15505692526669135
18.992496248124063,0.15504125712913638
19.00200100050025,0.15502560010287675
19.011505752876438,0.1550099541741158
19.021010505252626,0.15499431932908117
19.030515257628814,0.15497869555402477
19.040020010005005,0.15496308283522273
19.049524762381193,0.15494748115897547
19.05902951475738,0.15493189051160747
19.06853426713357,0.15491631087946728
19.078039019509756,0.15490074224892741
19.087543771885944,0.15488518460638448
19.09704852426213,0.15486963793825884
19.10655327663832,0.15485410223099483
19.116058029014507,0.15483857747106053
19.125562781390695,0.15482306364494783
19.135067533766886,0.15480756073917215
19.144572286143074,0.15479206874027276
19.15407703851926,0.15477658763481242
19.16358179089545,0.15476111740937726
19.173086543271637,0.15474565805057722
19.182591295647825,0.15473020954504538
19.192096048024013,0.15471477187943827
19.2016008004002,0.1546993450404359
19.211105552776388,0.15468392901474126
19.220610305152576,0.15466852378908075
19.230115057528764,0.15465312935020387
19.239619809904955,0.15463774568488325
19.249124562281143,0.15462237277991459
19.25862931465733,0.15460701062211654
19.268134067033518,0.1545916591983307
19.277638819409706,0.1545763184954217
19.287143571785894,0.15456098850027677
19.29664832416208,0.15454566919980622
19.30615307653827,0.1545303605809429
19.315657828914457,0.15451506263064246
19.325162581290645,0.15449977533588316
19.334667333666836,0.15448449868366582
19.344172086043024,0.15446923266101384
19.35367683841921,0.15445397725497315
19.3631815907954,0.15443873245261205
19.372686343171587,0.1544234982410213
19.382191095547775,0.15440827460731393
19.391695847923963,0.15439306153862525
19.40120060030015,0.15437785902211296
19.410705352676338,0.15436266704495671
19.420210105052526,0.15434748559435857
19.429714857428717,0.1543323146575425
19.439219609804905,0.1543171542217545
19.448724362181093,0.1543020042742627
19.45822911455728,0.15428686480235704
19.467733866933468,0.1542717357933495
19.477238619309656,0.15425661723457373
19.486743371685844,0.15424150911338536
19.49624812406203,0.15422641141716162
19.50575287643822,0.15421132413330152
19.515257628814407,0.15419624724922568
19.524762381190595,0.15418118075237638
19.534267133566786,0.15416612463021742
19.543771885942974,0.15415107887023408
19.55327663831916,0.15413604345993315
19.56278139069535,0.1541210183868429
19.572286143071537,0.15410600363851273
19.581790895447725,0.1540909992025136
19.591295647823912,0.1540760050664377
19.6008004002001,0.15406102121789836
19.610305152576288,0.15404604764453006
19.619809904952476,0.15403108433398857
19.629314657328667,0.15401613127395059
19.638819409704855,0.1540011884521139
19.648324162081042,0.15398625585619738
19.65782891445723,0.1539713334739407
19.667333666833418,0.15395642129310447
19.676838419209606,0.15394151930147018
19.686343171585793,0.15392662748703317
19.69584792396198,0.15391174583743245
19.70535267633817,0.15389687434050106
19.714857428714357,0.15388201298410342
19.724362181090545,0.15386716175612467
19.733866933466736,0.1538523206444704
19.743371685842924,0.1538374896370668
19.75287643821911,0.15382266872186054
19.7623811905953,0.15380785788681875
19.771885942971487,0.15379305711992894
19.781390695347675,0.15377826640919892
19.790895447723862,0.15376348574265686
19.80040020010005,0.15374871510835125
19.809904952476238,0.15373395449435068
19.819409704852426,0.153719203888744
19.828914457228617,0.15370446327964013
19.838419209604805,0.1536897326551682
19.847923961980992,0.15367501200347722
19.85742871435718,0.1536603013127363
19.866933466733368,0.1536456005711345
19.876438219109556,0.1536309097668807
19.885942971485743,0.15361622888820378
19.89544772386193,0.1536015579233524
19.90495247623812,0.15358689686059498
19.914457228614307,0.15357224568821967
19.923961980990498,0.15355760439453436
19.933466733366686,0.15354297296786648
19.942971485742873,0.1535283513965633
19.95247623811906,0.15351373966899143
19.96198099049525,0.15349913777353708
19.971485742871437,0.15348454569860598
19.980990495247624,0.15346996343262329
19.990495247623812,0.1534553909640335
20.0,0.15344082828130057
